[{"sidebar-home":["sdw_popular-2","sdw_getpostmanga-2","sdw_genre-2","sdw_season-2"],"sidebar-manga":["sdw_getpostmanga-3","sdw_genre-3","sdw_season-3"],"sidebar-archive":["sdw_getpostmanga-4","sdw_genre-4","sdw_season-4"],"sidebar-blog":["sdw_recentblog-2","sdw_blogcategory-2"],"main-top":["tpw_slideranime-2","tpw_hotmanga-2"],"main-center":["tpw_latestchapter-2"],"main-bottom":["tpw_getpostblog-2"]},{"sdw_popular":{"2":{"title":"Popular Manga","count":"10","link":"\/popular\/"},"_multiwidget":1},"sdw_getpostmanga":{"2":{"title":"Manga","count":"5","type":"Manga","orderby":"date","link":""},"3":{"title":"New Manga","count":"5","type":"all","orderby":"date","link":""},"4":{"title":"New Manga","count":"5","type":"all","orderby":"date","link":""},"_multiwidget":1},"sdw_genre":{"2":{"title":"Genres","scroll":"on"},"3":{"title":"Genres","scroll":"on"},"4":{"title":"Genres","scroll":"on"},"_multiwidget":1},"sdw_season":{"2":{"title":"Years","scroll":""},"3":{"title":"Years","scroll":""},"4":{"title":"Years","scroll":""},"_multiwidget":1},"sdw_recentblog":{"2":{"title":"Recent Blog","count":"5","orderby":"rand"},"_multiwidget":1},"sdw_blogcategory":{"2":{"title":"Category","scroll":""},"_multiwidget":1},"tpw_slideranime":{"2":{"count":"10","orderby":"rand","status":"all","genre":"all","years":"all","type":"all"},"_multiwidget":1},"tpw_hotmanga":{"2":{"title":"Hot Manga","count":"10"},"_multiwidget":1},"tpw_latestchapter":{"2":{"title":"Latest Chapter","link":"\/latest-chapter\/"},"_multiwidget":1},"tpw_getpostblog":{"2":{"title":"Latest Blog","count":"6","orderby":"date","link":""},"_multiwidget":1}}]